Accession #,Position,P-Site,S (TP),T (TP),Y (TP),S (FN),T (FN),Y (FN)
Q14653,385/386,S/S,2,0,0,0,0,0
P11836,289/250/231,S/T/S,2,1,0,0,0,0
P18505,434,S,1,0,0,0,0,0
P10301,66,Y,0,0,1,0,0,0
Q96SB4,222/726,S/S,2,0,0,0,0,0
P14921,257/38/282/251/285,S/T/S/S/S,4,1,0,0,0,0
Q9UNZ2,140,S,1,0,0,0,0,0
P35579,1916/1800/1803/1808,S/T/S/S,3,1,0,0,0,0
P53667,508,T,0,1,0,0,0,0
O14939,252/243,T/S,1,1,0,0,0,0
Q15078,138/8,T/S,1,1,0,0,0,0
Q9H1A4,377/530/520/555/537/688/686/291/355,S/T/T/S/T/S/S/T/S,5,4,0,0,0,0
P25098,29/670/685,S/S/S,3,0,0,0,0,0
Q08999,642/1035/417/401/1044/662/413/672/1068/952/688/694/1080/1097/1112/639,T/S/T/T/S/S/S/S/S/S/S/T/S/T/S/S,11,5,0,0,0,0
Q93045,62/73,S/S,2,0,0,0,0,0
Q14674,1126,S,1,0,0,0,0,0
P04083,216/21/24/27/28,T/Y/T/S/S,2,2,1,0,0,0
Q99418,392,S,1,0,0,0,0,0
O15273,157,S,1,0,0,0,0,0
P04792,78/15/82,S/S/S,3,0,0,0,0,0
P01350,87,Y,0,0,1,0,0,0
P13807,649/641/645,S/S/S,3,0,0,0,0,0
Q14118,892,Y,0,0,1,0,0,0
Q9UBK2,266/299/263,S/T/T,1,2,0,0,0,0
P04183,13,S,1,0,0,0,0,0
P27824,554/564/583,S/S/S,3,0,0,0,0,0
Q8IV61,133,T,0,1,0,0,0,0
Q92918,381,Y,0,0,1,0,0,0
Q13418,343,S,1,0,0,0,0,0
P35240,518,S,1,0,0,0,0,0
Q16828,159,S,1,0,0,0,0,0
Q09666,2852,S,1,0,0,0,0,0
P31947,186,S,1,0,0,0,0,0
O60934,397/278/343,S/S/S,3,0,0,0,0,0
Q13976,59,T,0,1,0,0,0,0
P23588,422,S,1,0,0,0,0,0
P41180,888,T,0,1,0,0,0,0
P08913,232,S,1,0,0,0,0,0
O15357,986/987,Y/Y,0,0,2,0,0,0
Q96B36,246,T,0,1,0,0,0,0
Q9Y2W7,63,S,1,0,0,0,0,0
P34741,188/187,S/S,2,0,0,0,0,0
P25054,2054/1392/1279,S/S/S,3,0,0,0,0,0
P29590,38,S,1,0,0,0,0,0
P17936,138/140,S/S,2,0,0,0,0,0
O00562,794/1223/382/287,T/T/S/T,1,3,0,0,0,0
Q9Y266,274/326,S/S,2,0,0,0,0,0
Q16625,408/404/340,S/T/S,2,1,0,0,0,0
P17181,481/466,Y/Y,0,0,2,0,0,0
P68400,255/360/344/362/370,Y/T/T/S/S,2,2,1,0,0,0
Q9UQL6,259/498,S/S,2,0,0,0,0,0
P41208,170,S,1,0,0,0,0,0
Q16584,277/281/674,T/S/S,2,1,0,0,0,0
Q13043,183,T,0,1,0,0,0,0
O95983,24,S,1,0,0,0,0,0
Q53EL6,67/457,S/S,2,0,0,0,0,0
O60343,642,T,0,1,0,0,0,0
P46020,985/1007/972/1018,S/S/S/S,3,0,0,1,0,0
P60484,385/229/362/232/366/240/370/315/380/382,S/S/S/T/T/Y/S/Y/S/T,5,3,2,0,0,0
P19235,368,Y,0,0,1,0,0,0
P61925,8,Y,0,0,1,0,0,0
P54198,555,T,0,1,0,0,0,0
Q14790,347,S,1,0,0,0,0,0
Q14643,353,Y,0,0,1,0,0,0
P36871,467,T,0,1,0,0,0,0
O94916,1247/1367/1197,S/S/S,3,0,0,0,0,0
Q9UEW8,373/311/233/325,S/S/T/S,3,1,0,0,0,0
Q13323,35,S,1,0,0,0,0,0
O76074,102,S,1,0,0,0,0,0
P40259,207/196,Y/Y,0,0,2,0,0,0
O00418,359/366/398/377/78,S/S/S/S/S,5,0,0,0,0,0
P18146,378,S,1,0,0,0,0,0
P48436,64/181,S/S,2,0,0,0,0,0
P41143,344/361/363/358,S/T/S/T,2,2,0,0,0,0
Q86WV1,232/219,Y/Y,0,0,2,0,0,0
Q99661,95,S,1,0,0,0,0,0
P29475,852,S,1,0,0,0,0,0
Q06124,546,Y,0,0,1,0,0,0
P17655,50/370/369,S/T/S,2,1,0,0,0,0
P51946,315,T,0,1,0,0,0,0
P61020,123,S,1,0,0,0,0,0
P26678,17/16,T/S,1,1,0,0,0,0
P27708,456/1406,T/S,1,1,0,0,0,0
Q92686,36,S,1,0,0,0,0,0
Q9NQS7,897/898/899,T/S/S,2,1,0,0,0,0
P27105,10,S,1,0,0,0,0,0
Q9UQF2,15/284/29/421/197/205/103/341,S/T/S/S/S/T/T/S,5,3,0,0,0,0
Q96CW1,156,T,0,1,0,0,0,0
Q15762,329,S,1,0,0,0,0,0
O14920,740/675/689/705/682/672/750/181/692/177/695/697/733/670,S/S/S/S/S/S/S/S/S/S/S/S/S/S,14,0,0,0,0,0
P16150,351,S,1,0,0,0,0,0
P51617,209/376/387/100,T/S/T/T,1,3,0,0,0,0
P67870,209/2/3,S/S/S,3,0,0,0,0,0
Q8WXE1,68/72/224/239,S/S/S/S,4,0,0,0,0,0
P30411,366/373/177/375/347,S/S/Y/S/Y,3,0,1,0,0,1
P19022,884/852,Y/Y,0,0,2,0,0,0
Q99640,426/495,S/T,1,1,0,0,0,0
Q08945,688/510,S/S,2,0,0,0,0,0
O60381,402,S,1,0,0,0,0,0
Q14494,599,S,1,0,0,0,0,0
P20963,111/123,Y/Y,0,0,2,0,0,0
P08559,300/293,S/S,2,0,0,0,0,0
P42702,1044,S,1,0,0,0,0,0
O96017,383/19/33/387/516/50/35/68/26/28,T/S/S/T/S/S/S/T/T/S,6,4,0,0,0,0
Q01954,541,S,1,0,0,0,0,0
Q9Y2V2,52,S,1,0,0,0,0,0
P20936,460,Y,0,0,1,0,0,0
Q9P286,573,S,1,0,0,0,0,0
Q13415,258/273/375,S/S/T,2,1,0,0,0,0
P08567,113/114/117,S/T/S,2,1,0,0,0,0
P10912,332/487,Y/Y,0,0,2,0,0,0
P30086,153,S,1,0,0,0,0,0
P17600,551/438/605,S/S/S,3,0,0,0,0,0
O96004,107/109/98,T/S/S,2,1,0,0,0,0
Q15648,1457,T,0,1,0,0,0,0
Q07912,284,Y,0,0,1,0,0,0
O43318,187/184/192,T/T/S,1,2,0,0,0,0
ENSP00000352232,439/494/96,Y/Y/S,1,0,2,0,0,0
O00161,23/24/161,S/T/S,2,1,0,0,0,0
P07101,40/19/71,S/S/S,3,0,0,0,0,0
P15927,33/21/23/29,S/T/S/S,3,1,0,0,0,0
Q15287,53,S,1,0,0,0,0,0
Q05682,789,S,1,0,0,0,0,0
P06127,482/483/453/487/434/436/485,S/S/Y/Y/T/T/S,3,2,2,0,0,0
P41161,367,S,1,0,0,0,0,0
P37173,424/213/259/416/336/409,Y/S/Y/S/Y/S,3,0,3,0,0,0
P46108,221,Y,0,0,1,0,0,0
P54253,776,S,1,0,0,0,0,0
P53779,223/221,Y/T,0,1,1,0,0,0
P03372,167/106/305/311/102/118/537/236/104,S/S/S/T/S/S/Y/S/S,7,1,1,0,0,0
Q12968,163/165/204/207/210/211/215,S/S/T/S/T/S/S,5,2,0,0,0,0
O00168,83,S,1,0,0,0,0,0
P04040,231/386,Y/Y,0,0,2,0,0,0
P54259,734,S,1,0,0,0,0,0
Q13651,446/496,Y/Y,0,0,2,0,0,0
O00303,46,S,1,0,0,0,0,0
Q9Y618,2410,S,1,0,0,0,0,0
P42345,2446/2448/2481,T/S/S,2,1,0,0,0,0
P43354,132/126,T/S,1,1,0,0,0,0
P78314,225,S,1,0,0,0,0,0
P06213,992/1185/1064/1190/1355/1062/1361/1011/1189/1375/999,Y/Y/S/Y/Y/S/Y/Y/Y/T/Y,2,1,8,0,0,0
Q9UBF6,10,T,0,1,0,0,0,0
Q13291,281/307/327,Y/Y/Y,0,0,3,0,0,0
P16070,291/672,S/S,2,0,0,0,0,0
Q9NQB0,59/58/60,S/S/S,3,0,0,0,0,0
P53999,19/11/13/15/17,S/S/S/S/S,5,0,0,0,0,0
P41212,257/213,S/S,2,0,0,0,0,0
O75582,750/360/752/381/758/581/212/376,S/S/S/S/S/T/S/S,7,1,0,0,0,0
P54646,172,T,0,1,0,0,0,0
Q92993,90,S,1,0,0,0,0,0
P78347,398/503/248,Y/Y/Y,0,0,3,0,0,0
Q08289,514/219/533/534,S/T/S/S,3,1,0,0,0,0
Q8IW41,182,T,0,1,0,0,0,0
Q92597,356/328/330/346,T/T/S/T,1,3,0,0,0,0
Q712K3,233,S,1,0,0,0,0,0
Q9Y6I3,357,S,1,0,0,0,0,0
P24864,395/399,T/S,1,1,0,0,0,0
Q9NRQ2,88/83,Y/Y,0,0,2,0,0,0
Q93034,730,S,1,0,0,0,0,0
Q53EZ4,428/425,S/S,2,0,0,0,0,0
Q01970,1105/537/26,S/S/S,3,0,0,0,0,0
Q9NYV6,633/200/649,S/T/S,2,1,0,0,0,0
P39748,187,S,1,0,0,0,0,0
Q05586,896/889/890/897,S/S/S/S,4,0,0,0,0,0
P09543,9,S,1,0,0,0,0,0
P54132,99,T,0,1,0,0,0,0
Q13315,1981,S,1,0,0,0,0,0
P54274,219,S,1,0,0,0,0,0
Q13769,6/5/2015,S/S,2,0,0,0,0,0
P17275,79,S,1,0,0,0,0,0
P52735,172/142/159,Y/Y/Y,0,0,3,0,0,0
Q13444,735/715,Y/Y,0,0,2,0,0,0
O00763,222,S,1,0,0,0,0,0
Q13094,128/145/113/376,Y/Y/Y/S,1,0,3,0,0,0
P26599,16,S,1,0,0,0,0,0
Q9Y6K9,85/43/376/31,S/S/S/S,4,0,0,0,0,0
P07307,12,S,1,0,0,0,0,0
Q9H8V3,815/342/413,T/T/T,0,3,0,0,0,0
P09619,857/581/751/1104/716/1009/778/562/775/579/740/1021/771/763,Y/Y/Y/S/Y/Y/Y/Y/Y/Y/Y/Y/Y/Y,1,0,13,0,0,0
P31995,310/287,Y/Y,0,0,2,0,0,0
P10276,77,S,1,0,0,0,0,0
P19525,451/258/446/242/83/88/89/90/255,T/T/T/S/S/T/T/T/T,2,7,0,0,0,0
P09417,223,S,1,0,0,0,0,0
P31350,20,S,1,0,0,0,0,0
ENSP00000343690,628/623/632/636,T/T/S/S,2,2,0,0,0,0
Q03135,14/88,Y/S,1,0,1,0,0,0
P19544,365/393,S/S,2,0,0,0,0,0
Q9Y281,24/3,S/S,2,0,0,0,0,0
Q15121,104/116,S/S,2,0,0,0,0,0
Q05193,774/778/857,S/S/S,3,0,0,0,0,0
O95816,20,S,1,0,0,0,0,0
Q9BYG3,234/230,T/S,1,1,0,0,0,0
O95997,165,S,1,0,0,0,0,0
P17542,122/172,S/S,2,0,0,0,0,0
P53805,112/108,S/S,2,0,0,0,0,0
Q9Y5B0,575/740,S/S,2,0,0,0,0,0
P06730,209,S,1,0,0,0,0,0
P04150,508/226,S/S,2,0,0,0,0,0
O15350,99/86/47,Y/T/S,1,1,1,0,0,0
P01100,232/362/331/325/374,T/S/T/T/S,2,3,0,0,0,0
Q14653,385/386/396/398/402/404/405,S/S/S/S/S/T/S,6,1,0,0,0,0
P11836,289/250/231,S/T/S,2,1,0,0,0,0
P18505,434,S,1,0,0,0,0,0
P10301,66,Y,0,0,1,0,0,0
Q96SB4,222/480/393/726/482,S/S/S/S/S,5,0,0,0,0,0
P14921,257/38/205/282/251/285/223,S/T/Y/S/S/S/Y,4,1,2,0,0,0
Q9UNZ2,167/165/74/140/114/272/271,Y/S/S/S/S/S/S,6,0,1,0,0,0
P35579,1408/1943/1916/1800/754/1713/1803/1808,Y/S/S/T/Y/S/S/S,4,1,1,1,0,1
P53667,508/298/307/302/310,T/S/S/S/S,4,1,0,0,0,0
O14939,146/252/72/243/134/100/99,S/T/T/S/S/T/T,3,4,0,0,0,0
Q15078,138/91/8,T/S/S,2,1,0,0,0,0
Q9H1A4,316/317/364/362/339/377/373/530/563/518/524/299/386/343/520/522/307/916/65/555/547/536/286/537/51/703/688/686/701/569/60/699/202/313/1347/341/333/291/334/351/731/355/571/529,T/S/S/S/S/S/S/T/S/S/T/S/S/S/T/S/S/S/T/S/S/S/S/T/S/S/S/S/T/S/S/S/S/S/S/S/S/T/S/S/S/S/Y/S,35,8,1,0,0,0
P25098,29/670/685,S/S/S,3,0,0,0,0,0
Q08999,962/642/948/1035/417/401/986/659/972/1044/982/662/971/413/966/672/981/1068/952/688/974/694/973/1080/1097/1112/639,S/T/S/S/T/T/T/S/S/S/S/S/S/S/S/S/S/S/S/S/T/T/S/S/T/S/S,20,7,0,0,0,0
Q93045,80/62/73,S/S/S,3,0,0,0,0,0
Q14674,1122/1508/1126/1545/1346/1552/1073/1396/1399/1305/1501,S/S/S/S/T/S/S/S/S/S/S,10,1,0,0,0,0
P04083,207/5/216/39/21/24/27/28,Y/S/T/Y/Y/T/S/S,3,2,3,0,0,0
Q99418,392,S,1,0,0,0,0,0
O15273,157,S,1,0,0,0,0,0
P04792,91/65/199/78/15/82/83/86,T/S/S/S/S/S/S/S,7,1,0,0,0,0
P01350,96/87,S/Y,1,0,1,0,0,0
P13807,649/647/641/645/636,S/S/S/S/Y,4,0,1,0,0,0
Q14118,892,Y,0,0,1,0,0,0
Q9UBK2,266/299/263,S/T/T,1,2,0,0,0,0
P04183,13/231,S/S,2,0,0,0,0,0
P27824,554/564/562/583,S/S/T/S,3,1,0,0,0,0
Q8IV61,133,T,0,1,0,0,0,0
Q92918,171/366/586/413/165/368/374/407/376/381/421,S/S/S/S/T/S/S/S/S/Y/S,9,1,1,0,0,0
Q13418,343,S,1,0,0,0,0,0
P35240,518,S,1,0,0,0,0,0
Q16828,159/328/331,S/S/S,3,0,0,0,0,0
Q09666,2690/2819/2180/2822/264/2063/2833/2850/2467/2852/2854/1708/312/2622/323/2894/2900/2518/2911/2147/2534/2801/243/2805/2809,S/S/S/S/S/S/S/S/S/S/S/T/S/S/S/T/S/S/S/S/S/S/T/S/S,11,1,0,11,2,0
P31947,248/186,S/S,2,0,0,0,0,0
O60934,615/397/432/434/278/343,S/S/S/T/S/S,5,1,0,0,0,0
Q13976,59,T,0,1,0,0,0,0
P23588,96/192/283/422/425/459/461/462/285/497/498/500/597/406/495/504/445/219/93,Y/S/S/S/S/S/T/S/Y/S/S/T/S/S/S/S/S/S/S,15,2,2,0,0,0
P41180,888,T,0,1,0,0,0,0
P08913,232/299/298/297/296,S/S/S/S/S,5,0,0,0,0,0
O15357,986/241/165/167/158,Y/S/T/T/S,2,2,1,0,0,0
Q96B36,88/202/183/97/246/203/212/211/92/90,S/S/S/T/T/S/S/S/S/T,7,3,0,0,0,0
Q9Y2W7,63,S,1,0,0,0,0,0
P34741,188/187,S/S,2,0,0,0,0,0
P25054,2054/2837/780/2398/1042/1392/1438/2835/2088/2789/2093/2671/2096/2469/2125/2464/1360/2838/2129/2473/2130/1864/2151/2270/2143/2674/2535/2260/1863/2283/1861/2533/2034/1279/2676/2679,S/S/S/S/S/S/T/S/S/S/S/S/S/S/S/S/S/Y/S/S/S/S/T/S/S/S/S/S/S/S/S/S/S/S/T/T,31,4,1,0,0,0
P29590,512/409/535/403/580/579/578/38/530/527/518/505,S/T/S/S/S/S/S/S/S/S/S/S,11,1,0,0,0,0
P17936,138/140,S/S,2,0,0,0,0,0
O00562,794/896/389/1223/621/382/638/287,T/S/T/T/S/S/S/T,4,4,0,0,0,0
Q9Y266,145/274/139/285/326,T/S/S/S/S,4,1,0,0,0,0
Q16625,408/305/404/340,S/T/T/S,2,2,0,0,0,0
P17181,481/466/495/535,Y/Y/S/S,2,0,2,0,0,0
P68400,255/360/344/362/370,Y/T/T/S/S,2,2,1,0,0,0
Q9UQL6,259/498,S/S,2,0,0,0,0,0
P41208,26/20/170,T/S/S,2,1,0,0,0,0
Q16584,277/789/281/702/556/793/708/770/705/674/507/524/555/654/727/758/724,T/S/S/T/S/S/T/S/S/S/S/S/S/S/S/S/S,14,3,0,0,0,0
Q13043,183/320/433,T/S/Y,1,1,1,0,0,0
O95983,24/85/56,S/S/S,3,0,0,0,0,0
Q53EL6,93/405/80/67/457/78/76/94,T/Y/S/S/S/S/S/S,6,1,1,0,0,0
O60343,318/757/344/666/341/751/570/566/754/568/752/642/591/673/672/678/750/588/551,S/S/S/S/S/S/S/S/S/T/T/T/S/S/S/S/S/S/S,16,3,0,0,0,0
P46020,561/563/581/985/1007/981/978/972/1020/1018,T/T/S/S/S/S/S/S/S/S,7,2,0,1,0,0
P60484,385/229/362/232/366/240/370/315/380/382/383,S/S/S/T/T/Y/S/Y/S/T/T,5,4,2,0,0,0
P19235,454/456/489/426/368/504,Y/Y/Y/Y/Y/Y,0,0,6,0,0,0
P61925,8,Y,0,0,1,0,0,0
P54198,611/610/576/584/583/614/612/555/586/687/661,S/S/T/S/T/S/S/T/T/S/S,7,4,0,0,0,0
Q14790,219/334/347,S/Y/S,2,0,1,0,0,0
Q14643,353/1598/1764/1767,Y/S/S/S,3,0,1,0,0,0
P36871,115/467/117,T/T/S,1,2,0,0,0,0
O94916,1247/1367/1197,S/S/S,3,0,0,0,0,0
Q9UEW8,373/311/372/233/356/325/387,S/S/S/T/T/S/S,5,2,0,0,0,0
Q13323,35,S,1,0,0,0,0,0
O76074,102,S,1,0,0,0,0,0
P40259,207/196,Y/Y,0,0,2,0,0,0
O00418,135/72/74/359/396/366/445/18/468/398/470/377/474/78/348/477,S/S/S/S/S/S/S/S/Y/S/S/S/S/S/T/S,14,1,1,0,0,0
P18146,378,S,1,0,0,0,0,0
P48436,64/181,S/S,2,0,0,0,0,0
P41143,344/361/363/358,S/T/S/T,2,2,0,0,0,0
Q86WV1,142/232/219/271,Y/Y/Y/Y,0,0,4,0,0,0
Q99661,632/106/633/166/629/611/628/95,S/S/S/S/S/S/S/S,8,0,0,0,0,0
P29475,852/1417,S/S,2,0,0,0,0,0
Q06124,304/546/62/584/63/595,Y/Y/Y/Y/Y/S,1,0,5,0,0,0
P17655,50/370/369,S/T/S,2,1,0,0,0,0
P51946,315/322,T/S,1,1,0,0,0,0
P61020,123,S,1,0,0,0,0,0
P26678,17/16,T/S,1,1,0,0,0,0
P27708,1859/456/1884/1406/1823,S/T/T/S/S,3,2,0,0,0,0
Q92686,36,S,1,0,0,0,0,0
Q9NQS7,897/833/898/836/899/837/263/904/514/142/143/400/145/275/148/150/919/153/291/292/421/294/424/298/300/302/306/311/312/314/446/296/195/197/199/72/73/202/269/208/213/214/218/219/481/230/232/235/239/808/119/507/509/510/255,T/S/S/S/S/T/S/S/S/S/S/S/T/S/S/T/S/T/S/T/S/T/T/T/S/S/S/S/S/S/S/S/T/S/T/S/Y/S/S/S/T/S/S/T/S/S/T/S/T/S/S/T/T/S/S,37,17,1,0,0,0
P27105,10/244,S/S,2,0,0,0,0,0
Q9UQF2,15/407/152/409/411/284/29/421/40/181/311/187/444/447/448/193/195/196/197/328/330/205/340/469/214/471/472/473/355/103/235/366/369/341,S/S/S/S/T/T/S/S/S/S/S/S/S/S/T/S/S/S/S/S/S/T/S/S/S/S/S/S/S/T/S/S/S/S,29,5,0,0,0,0
Q96CW1,156,T,0,1,0,0,0,0
Q15762,322/290/329,Y/S/S,2,0,1,0,0,0
O14920,740/675/689/705/682/672/750/181/692/177/695/697/733/670,S/S/S/S/S/S/S/S/S/S/S/S/S/S,14,0,0,0,0,0
P16150,351/355,S/S,2,0,0,0,0,0
P51617,209/376/568/387/100/371,T/S/S/T/T/S,3,3,0,0,0,0
P67870,209/2/3/4,S/S/S/S,4,0,0,0,0,0
Q8WXE1,518/68/72/224/239,S/S/S/S/S,5,0,0,0,0,0
P30411,366/332/373/177/375/347,S/Y/S/Y/S/Y,3,0,2,0,0,1
P19022,785/884/852,Y/Y/Y,0,0,3,0,0,0
Q99640,143/97/120/40/426/495/17/50/469/473/24/94,S/Y/S/S/S/T/T/S/S/S/T/S,8,3,1,0,0,0
Q08945,444/672/437/673/554/657/438/688/561/659/667/668/170/510/671,S/S/S/S/Y/S/Y/S/S/S/S/S/T/S/S,12,1,1,0,0,1
O60381,402,S,1,0,0,0,0,0
Q14494,599,S,1,0,0,0,0,0
P20963,64/83/58/111/142/153/123/72,Y/Y/S/Y/Y/Y/Y/Y,1,0,7,0,0,0
P08559,301/295/300/232/231/293/289,Y/S/S/S/T/S/Y,4,1,2,0,0,0
P42702,1044/927,S/S,2,0,0,0,0,0
O96017,383/19/456/33/387/516/50/35/68/26/28,T/S/S/S/T/S/S/S/T/T/S,7,4,0,0,0,0
Q01954,541/537,S/S,2,0,0,0,0,0
Q9Y2V2,32/41/50/45/146/147/52/30,S/S/T/T/S/S/S/S,6,2,0,0,0,0
P20936,460/615,Y/Y,0,0,2,0,0,0
Q9P286,573,S,1,0,0,0,0,0
Q13415,417/258/419/196/421/273/427/337/340/203/375/420/476/478,S/S/S/S/S/S/S/T/S/T/T/S/S/S,11,3,0,0,0,0
P08567,113/114/117,S/T/S,2,1,0,0,0,0
P10912,627/332/566/534/487,Y/Y/Y/Y/Y,0,0,5,0,0,0
P30086,153/52,S/S,2,0,0,0,0,0
P17600,39/553/427/551/438/605,S/S/S/S/S/S,6,0,0,0,0,0
O96004,107/109/98,T/S/S,2,1,0,0,0,0
Q15648,805/18/1134/1482/1457/1207/1479/1475/1057/774/784/1463/1051/1215/664/953/770/795/772/1481,T/S/S/S/T/S/S/S/T/S/S/S/T/T/S/S/S/S/S/S,15,5,0,0,0,0
Q07912,284/518/102/857/858/826,Y/Y/S/Y/Y/Y,1,0,5,0,0,0
O43318,187/389/184/454/192/455/439,T/S/T/S/S/S/S,5,2,0,0,0,0
ENSP00000352232,439/494/96,Y/Y/S,1,0,2,0,0,0
O00161,23/24/161/110,S/T/S/S,3,1,0,0,0,0
P07101,40/19/71,S/S/S,3,0,0,0,0,0
P15927,33/4/39/8/11/12/13/21/23/29,S/S/S/S/S/S/S/T/S/S,9,1,0,0,0,0
Q15287,205/289/155/161/266/53/251/281/27/157/287,Y/S/S/T/S/S/S/S/S/S/S,9,1,1,0,0,0
Q05682,789/656/753/643/724/518/744/759/726/730/27/723/735/765/638,S/S/T/S/S/S/S/S/T/T/Y/S/T/S/T,9,5,1,0,0,0
P06127,482/483/453/487/460/465/434/436/439/485,S/S/Y/Y/S/Y/T/T/S/S,5,2,3,0,0,0
P41161,367,S,1,0,0,0,0,0
P37173,548/424/213/259/416/336/409,S/Y/S/Y/S/Y/S,4,0,3,0,0,0
P46108,221/74/83,Y/S/S,2,0,1,0,0,0
P54253,776/236/254/239,S/T/S/S,3,1,0,0,0,0
P53779,223/221,Y/T,0,1,1,0,0,0
P03372,282/52/294/167/554/106/305/46/311/102/559/118/537/219/154/212/47/236/104,S/Y/S/S/S/S/S/S/T/S/S/S/Y/Y/S/S/S/S/S,15,1,3,0,0,0
Q12968,163/165/204/207/210/211/215,S/S/T/S/T/S/S,5,2,0,0,0,0
O00168,83/88,S/S,2,0,0,0,0,0
P04040,308/231/386,Y/Y/Y,0,0,3,0,0,0
P54259,103/656/743/79/101/81/107/729/664/734/112/648/119/77/627/741/34/640/646,S/S/S/S/S/S/S/Y/T/S/S/T/S/S/S/S/S/S/T,15,3,1,0,0,0
Q13651,446/496,Y/Y,0,0,2,0,0,0
O00303,258/46/255,S/S/T,2,1,0,0,0,0
Q9Y618,2049/1539/2057/2061/152/149/2200/922/156/1576/553/554/939/1974/956/54/2514/2516/2261/215/2008/1253/1383/745/2410/748/750/2416/753/1778/756/1017/1018/746/2197,S/S/S/S/S/S/S/S/T/S/T/S/S/S/S/S/S/S/S/S/S/S/T/S/S/T/S/S/S/S/T/S/S/S/S,30,4,0,0,1,0
P42345,2478/1162/2446/1262/2474/2448/2481,S/T/T/T/T/S/S,3,4,0,0,0,0
P43354,356/359/132/126/181,S/S/T/S/S,4,1,0,0,0,0
P78314,225/278/174/183,S/S/Y/Y,2,0,2,0,0,0
P06213,401/992/1185/1348/1064/1354/1190/1355/1062/1361/407/1011/1189/1332/400/1333/1375/999,Y/Y/Y/S/S/S/Y/Y/S/Y/S/Y/Y/S/S/S/T/Y,8,1,9,0,0,0
Q9UBF6,10,T,0,1,0,0,0,0
Q13291,281/307/327,Y/Y/Y,0,0,3,0,0,0
P16070,706/62/291/58/686/45/720/672/697,S/T/S/S/S/S/T/S/S,7,2,0,0,0,0
Q9NQB0,59/58/60,S/S/S,3,0,0,0,0,0
P53999,19/51/11/52/12/50/13/58/15/56/17,S/S/S/S/S/S/S/S/S/S/S,11,0,0,0,0,0
P41212,18/17/16/257/213/22/31/29,T/Y/S/S/S/S/T/S,5,2,1,0,0,0
O75582,750/360/752/381/758/581/212/376,S/S/S/S/S/T/S/S,7,1,0,0,0,0
P54646,377/172/173/176,S/T/S/S,3,1,0,0,0,0
Q92993,90/86,S/S,2,0,0,0,0,0
P78347,831/398/677/515/103/503/210/517/839/556/679/558/207/850/318/248/698/699/687/830,S/Y/S/S/S/Y/S/S/S/T/S/T/S/T/Y/Y/T/S/T/S,11,5,4,0,0,0
Q08289,514/219/533/534,S/T/S/S,3,1,0,0,0,0
Q8IW41,182,T,0,1,0,0,0,0
Q92597,352/384/356/326/328/332/330/364/333/366/335/336/342/375/346/367/362/319,S/S/T/S/T/S/S/S/S/T/T/S/S/T/T/S/S/S,12,6,0,0,0,0
Q712K3,238/233,S/S,2,0,0,0,0,0
Q9Y6I3,417/357/429/435/437/439/410/469,S/S/S/T/T/T/S/T,4,4,0,0,0,0
P24864,387/391/103/395/77/399/59,S/S/S/T/T/S/S,5,2,0,0,0,0
Q9NRQ2,88/83,Y/Y,0,0,2,0,0,0
Q93034,730/210/373,S/T/Y,1,1,1,0,0,0
Q53EZ4,430/428/436/425,T/S/S/S,3,1,0,0,0,0
Q01970,1105/931/933/934/537/26/925/926,S/S/S/S/S/S/T/S,7,1,0,0,0,0
Q9NYV6,172/633/200/649/170/640/44,S/S/T/S/S/S/S,6,1,0,0,0,0
P39748,187,S,1,0,0,0,0,0
Q05586,896/889/890/897,S/S/S/S,4,0,0,0,0,0
P09543,22/9,S/S,2,0,0,0,0,0
P54132,142/1295/144/1303/1304/412/1310/419/422/551/48/53/57/72/1296/99/550/358/114/499/122/508,S/S/S/S/S/T/S/S/S/Y/S/S/T/S/S/T/S/S/T/S/T/T,14,6,1,1,0,0
Q13315,1985/1987/72/367/85/86/1981/373,T/S/T/S/S/T/S/T,4,4,0,0,0,0
P54274,219/434/11/435/437,S/S/S/S/S,5,0,0,0,0,0
Q13769,6/307/5/314/312/321/322,S/S/S/S/S/T/T,5,2,0,0,0,0
P17275,117/259/79/104/102/255/251,S/S/S/T/T/T/S,4,3,0,0,0,0
P52735,575/576/779/172/781/142/159,T/S/S/Y/S/Y/Y,3,1,3,0,0,0
Q13444,735/715,Y/Y,0,0,2,0,0,0
O00763,222,S,1,0,0,0,0,0
Q13094,128/130/145/173/207/113/376/410,Y/S/Y/Y/S/Y/S/S,4,0,4,0,0,0
P26599,16/127/141,S/Y/S,2,0,1,0,0,0
Q9Y6K9,85/387/43/376/377/31,S/S/S/S/S/S,6,0,0,0,0,0
P07307,12,S,1,0,0,0,0,0
Q9H8V3,334/811/41/40/417/336/815/328/345/342/339/858/413/860/411,S/S/Y/S/S/S/T/T/S/T/S/S/T/S/S,10,4,1,0,0,0
P09619,857/581/751/1104/716/1009/778/562/775/579/740/1021/771/763,Y/Y/Y/S/Y/Y/Y/Y/Y/Y/Y/Y/Y/Y,1,0,13,0,0,0
P31995,310/287/294,Y/Y/Y,0,0,3,0,0,0
P10276,445/181/77/461,S/T/S/S,3,1,0,0,0,0
P19525,451/258/446/242/293/83/101/88/162/89/456/90/255,T/T/T/S/Y/S/Y/T/Y/T/S/T/T,3,7,3,0,0,0
P09417,223,S,1,0,0,0,0,0
P31350,33/20,T/S,1,1,0,0,0,0
ENSP00000343690,628/623/102/632/636/665,T/T/S/S/S/S,4,2,0,0,0,0
Q03135,6/14/37/168/25/80/88,Y/Y/S/S/Y/S/S,4,0,3,0,0,0
P19544,365/393,S/S,2,0,0,0,0,0
Q9Y281,24/3,S/S,2,0,0,0,0,0
Q15121,104/116,S/S,2,0,0,0,0,0
Q05193,774/776/777/778/780/857,S/T/S/S/T/S,4,2,0,0,0,0
O95816,20,S,1,0,0,0,0,0
Q9BYG3,279/234/230/227/238/240/223/247/220/218,T/T/S/T/T/T/T/S/T/S,3,7,0,0,0,0
O95997,165,S,1,0,0,0,0,0
P17542,122/172/90,S/S/T,2,1,0,0,0,0
P53805,112/108,S/S,2,0,0,0,0,0
Q9Y5B0,869/575/872/674/740,S/S/S/S/S,5,0,0,0,0,0
P06730,209/53,S/S,2,0,0,0,0,0
P04150,8/113/508/141/267/45/211/203/226/234/134,T/S/S/S/S/S/S/S/S/S/S,10,1,0,0,0,0
O15350,99/86/47,Y/T/S,1,1,1,0,0,0
P01100,232/362/331/325/374,T/S/T/T/S,2,3,0,0,0,0
Q96B97,230/521/587/436/473/511/509/254/447,S/S/S/S/T/S/S/T/S,7,2,0,0,0,0
P01036,119/23/136/132,S/S/S/S,4,0,0,0,0,0
O75925,483/485/488/522/466/467/468/503/506,S/S/S/S/S/S/S/S/S,9,0,0,0,0,0
Q99558,559,T,0,1,0,0,0,0
P14618,37/83/45/105/390/328,S/Y/T/Y/Y/T,1,2,3,0,0,0
P62805,2/48/52/89,S/S/Y/Y,2,0,2,0,0,0
P18433,187/588/213/798/189,S/Y/S/Y/S,3,0,2,0,0,0
P30556,319,Y,0,0,1,0,0,0
Q9NR30,315/164/71/168/171/173/13/121/567/89,T/S/S/S/S/S/S/S/S/S,9,1,0,0,0,0
P12956,222/6/37,S/S/S,3,0,0,0,0,0
P13010,577/715/580,S/T/S,2,1,0,0,0,0
P51610,1838/674/1507/2020/1221/1222/662/1490/1491/1205/598/666/669,S/S/S/S/S/S/T/S/T/S/S/S/S,8,1,0,3,1,0
P08493,25/28/22,S/S/S,3,0,0,0,0,0
Q99962,75,S,1,0,0,0,0,0
O95251,506/97/512/99/100/102/104/88/50/52/53/56/57/85,S/T/S/S/S/S/T/T/S/S/S/S/S/T,10,4,0,0,0,0
P52701,91/256/139/227/830/261/137/200/924/41/43/14/79/254/252/214/348/219/213,S/S/T/S/S/S/S/S/T/S/S/S/S/S/S/Y/S/S/T,15,3,1,0,0,0
P16471,611/349/415,Y/S/T,1,1,1,0,0,0
P14923,182/664/20,S/S/Y,2,0,1,0,0,0
O14867,196/445,S/S,2,0,0,0,0,0
P21675,521/524,T/S,1,1,0,0,0,0
P33316,248/99/239,S/S/T,2,1,0,0,0,0
Q13625,736/737/556/480/569/698/414,S/S/S/S/S/S/S,7,0,0,0,0,0
P35221,641/654/652/619/655/634/658/177,S/T/S/Y/S/T/T/Y,3,3,2,0,0,0
Q9BX63,113/930/112/1032/916/918/921/990/927,T/S/S/S/Y/T/Y/S/S,4,2,1,1,0,1
P08833,144/194/126,S/S/S,3,0,0,0,0,0
P20333,436,T,0,1,0,0,0,0
Q16288,516,Y,0,0,1,0,0,0
Q07812,184,S,1,0,0,0,0,0
P47897,491/70,Y/S,1,0,1,0,0,0
Q9UER7,739/737/169/178/648/709/213/495/174/712/176/690/702/668/688/671,S/S/T/S/Y/T/S/S/T/S/S/S/S/S/S/S,12,3,1,0,0,0
P07359,292/294/295/625/603/606,Y/Y/Y/S/S/S,3,0,2,0,0,1
O95817,385/194/291/406/134/289/136/171/386/207/240/177/274/275/381/173/279/377/284/285/247,S/S/S/T/S/S/S/S/S/S/Y/S/S/S/S/S/S/S/S/T/Y,17,2,0,0,0,2
O15143,315/310,T/S,1,1,0,0,0,0
Q9Y5K6,224/548/551/233/458/542/553/88/554/510/565,S/Y/T/S/S/S/S/Y/S/S/T,7,2,2,0,0,0
Q13309,64/48/179/57,S/S/S/S,4,0,0,0,0,0
Q01113,520/518/407,T/S/Y,1,1,1,0,0,0
O43707,265/159,Y/S,1,0,1,0,0,0
P02511,53/21/59/19/43/76/45,S/S/S/S/S/S/S,7,0,0,0,0,0
P31948,481/16/354/198,S/S/Y/T,2,1,0,0,0,1
Q15459,320/759/451/359/456/329/124/413,S/Y/S/S/Y/S/T/S,5,1,1,0,0,1
Q93009,18/963,S/S,2,0,0,0,0,0
Q14676,513/516/1033/523/1041/1563/1564/1567/1570/1068/1589/1086/1601/1604/1095/1608/1622/1623/1630/1649/1664/1666/1302/1671/652/1681/659/1696/1697/1702/168/1705/1195/1198/1711/176/1212/1224/1400/1775/763/765/1280/780/1296/1814/793/1820/299/301/1858/329/331/341/882/372/1399/376/378/1403/1406/394/397/1425/402/404/1430/411/1437/1440/1441/1444/422/1458/1461/1466/955/447/448/449/964/453/966/455/1481/1482/1485/986/988/990/995/998/495/498/1526/504/505,S/S/S/T/T/S/S/T/S/S/T/S/T/S/S/T/T/T/T/T/T/T/T/T/T/S/T/T/T/S/S/T/S/T/S/S/S/T/S/S/S/T/T/S/S/S/S/S/S/T/T/S/T/T/S/S/S/S/T/T/T/S/S/T/S/T/S/S/T/S/S/T/S/S/T/T/S/T/T/T/S/S/T/T/S/S/T/S/S/S/S/S/S/S/T/S/S,43,30,0,11,13,0
P21860,1328/1289/1276/1262/1199,Y/Y/Y/Y/Y,0,0,5,0,0,0
P35251,520/281/283/156/161/163/164/168/171/173/312/190/67/69/71/73/1104/1106/359/108/110/368,S/S/S/S/T/T/S/Y/T/S/S/S/Y/S/S/S/S/S/S/S/T/S,16,4,2,0,0,0
Q9NQC3,7/107/15/181/182/184/188,S/S/S/S/S/S/T,6,1,0,0,0,0
Q04637,1597/1186/1188/1093/647/202/205/207/1232/594/211/1078/1210/1146/1148/223,S/S/S/S/T/T/T/T/S/Y/T/S/S/S/S/T,9,6,0,0,0,1
Q13257,195/178/170,S/S/S,3,0,0,0,0,0
P46939,825/3297/4/295/3304/10/3180/3182/3165/1405,S/S/Y/S/S/S/S/S/T/S,4,0,1,4,1,0
P78563,26,S,1,0,0,0,0,0
P52564,25/211/28/207,T/T/T/S,1,3,0,0,0,0
P07766,188/199,Y/Y,0,0,2,0,0,0
Q15555,167/216/228/200/232/208/234/223/219,Y/S/S/S/S/S/S/S/S,8,0,0,0,0,1
P41567,30,Y,0,0,0,0,0,1
Q86U86,636/131/39/1405/314/54/28/178/319/316/9/25/10/948/1453/355/353,S/S/S/S/S/Y/T/S/S/S/T/S/S/S/S/S/S,14,2,1,0,0,0
Q92783,156/198,S/Y,1,0,1,0,0,0
P16284,713/700/690,Y/S/Y,1,0,0,0,0,2
Q9UMY4,73/23,S/Y,1,0,0,0,0,1
Q658Y4,674/355/684/366/367/371/340/826/671,S/S/S/S/S/S/S/S/S,9,0,0,0,0,0
Q01831,129/347/358/169/883/884/117/122/891/892/94/351,S/S/T/T/S/S/T/S/S/S/S/S,9,3,0,0,0,0
P25090,236/237/302,S/S/Y,2,0,1,0,0,0
Q12874,365/475/414/277/369/367,S/T/Y/T/S/S,3,2,1,0,0,0
Q9Y6A5,317/315/250/25/434/177/558/71/481,S/T/S/S/S/S/S/S/T,7,2,0,0,0,0
Q9UKG1,399/401/691/403,T/S/S/S,3,1,0,0,0,0
Q92738,710/617/711/582/784/585/716/391/798/791/396/729,Y/S/S/Y/S/S/S/S/S/S/S/Y,9,0,3,0,0,0
O75643,1056/225/2131/756/2133/2135/26,S/S/T/S/S/S/S,4,0,0,2,1,0
Q96RT1,1271/1082/917/915/1286/931/569/930/920/440/1060/1079/934/1085/1132/1104/444/716/972/715/714/598/572/981/1107/733/857/603/602,S/S/T/S/S/S/S/S/Y/S/S/S/S/S/Y/Y/S/T/Y/S/S/S/S/Y/Y/Y/S/S/S,19,1,7,1,1,0
P17987,544,S,1,0,0,0,0,0
Q9UNS1,1089/1087/1173,T/S/S,2,1,0,0,0,0
P09234,12/19/8/17,Y/S/Y/S,2,0,2,0,0,0
Q03164,518/136/2955/153/1056/680/3372/1837/1839/2098/1845/3511/2866/828/829/3518/831/833/1858/197/840/202/337/3028/3036/2525/3038/2147/2151/3517/3057/504/506/3067/2940,S/S/S/S/S/S/T/S/T/S/T/S/S/S/S/S/S/T/S/S/T/S/T/T/S/T/T/T/S/S/S/S/T/T/T,13,8,0,9,5,0
P62899,98/104/108/103,S/T/Y/Y,1,1,1,0,0,1
Q08345,788/513/796/797/792,S/Y/Y/Y/Y,1,0,2,0,0,2
Q14493,7/20/182/23/61/62,S/S/S/S/T/T,4,2,0,0,0,0
P25025,352/353/347/351,S/S/S/S,4,0,0,0,0,0
Q92797,1171/1243/1257/1175/1259,S/S/T/S/S,4,1,0,0,0,0
Q14511,12/317/345/166,Y/Y/Y/Y,0,0,4,0,0,0
Q16204,52/362/115/363/240/372/244/357/249/359/254/361/356/352/351/419/367/380/349/371/376,S/S/T/S/S/Y/S/T/S/S/S/S/Y/S/S/S/S/T/T/S/T,14,5,2,0,0,0
Q8IYB3,549/260/696/769/669/695/773/795/781/524/391/10/393/402/665/528/526/791/532/406/797/389/694/777/541/775/802/551/675/431/693/581/429/436/560/435/562/239/465/707/574/756/793/572/713/463/583/310/846/778/717/715/718/750/738/211/607/220/478/605/743/749/614/740/748/872/500/874/752/502/638/616/628/626/636/530/754/894/597,S/S/S/S/S/S/S/S/S/S/S/S/S/S/S/S/S/S/S/T/S/S/S/S/S/S/S/S/S/S/T/T/S/S/S/T/S/T/S/S/T/S/T/T/S/S/S/S/T/T/S/S/T/S/S/S/S/T/S/S/S/S/T/S/S/T/S/S/S/S/S/S/S/S/S/S/S/S/S,64,14,0,1,0,0
P07737,129,Y,0,0,1,0,0,0
P35606,859/354/861,S/Y/T,1,1,0,0,0,1
P04233,25/42/45,S/S/S,3,0,0,0,0,0
O60244,1128/1136/986/1133/1144,S/S/S/S/S,2,0,0,3,0,0
Q10570,736/737/739/753/756/766,T/S/T/S/S/S,4,2,0,0,0,0
Q6IAA8,40/26/27,Y/S/S,2,0,1,0,0,0
P25490,118/247/184/378/251/348,S/S/S/T/Y/T,3,2,1,0,0,0
O15523,321/69/341,T/Y/Y,0,1,1,0,0,1
Q9NZ63,253/147/24/17/15/261,T/Y/S/S/S/S,4,1,0,0,0,1
P20810,364/240/366/411/577/205/516/142/200/237/373/561/410/243/222/563/379,S/T/S/S/S/Y/S/S/T/S/S/S/T/S/S/S/S,13,3,0,0,0,1
Q15477,366/245/256,S/S/S,3,0,0,0,0,0
Q9NWQ8,417/229/317/227/181/359/163/239/341,Y/S/Y/Y/Y/Y/Y/S/Y,2,0,7,0,0,0
Q12872,815/642/834/870/909/279/282/283/604/866,S/T/S/S/S/S/S/S/S/S,9,1,0,0,0,0
Q9ULX6,292/294/297/300/302/308/283,T/T/S/S/S/T/S,4,3,0,0,0,0
Q9Y3B8,122/184,Y/Y,0,0,1,0,0,1
ENSP00000265259,145,Y,0,0,1,0,0,0
Q2M2I8,222/678/234/618/221/606/235/624/620/389/676/640/21/670/637/623,T/S/Y/S/T/T/S/S/T/T/S/T/S/S/S/S,9,6,1,0,0,0
P50402,173/41/171/8/167/163/161/175/87/57/54/180/52/49/60/85/59/58/74/62/67/66/99/95/105/120,S/Y/S/S/Y/S/Y/S/S/S/S/S/S/S/S/Y/Y/S/Y/S/T/S/Y/Y/Y/S,16,1,7,0,0,2
Q13042,607/490/599/112/595/560/581/589/614,S/S/T/S/S/S/T/T/S,6,3,0,0,0,0
P00558,136/196/203,S/Y/S,2,0,1,0,0,0
Q15599,183/257/275/261/254,S/T/S/S/S,4,1,0,0,0,0
O14828,41/35/76/53,Y/Y/S/Y,1,0,3,0,0,0
Q9UQR0,594/258/576/256/583/305/581/267/495/299/590/300/503/499/255/570/606/511,S/S/S/S/S/T/T/S/S/S/S/S/T/S/S/S/S/S,15,3,0,0,0,0
Q9UHI6,552/743/678/672/677/705/714/500/649/532/652/48/654/703/656,T/S/S/S/S/T/S/S/S/S/S/S/S/S/S,13,2,0,0,0,0
P02808,21/22,S/S,2,0,0,0,0,0
O60832,513/451/453/455/458/494/496/21/485,S/S/S/S/T/S/T/S/S,7,1,0,0,1,0
O75056,431/441/419/409,Y/Y/Y/Y,0,0,4,0,0,0
Q13285,430/203,S/S,2,0,0,0,0,0
Q96J84,625/724/622,Y/Y/Y,0,0,3,0,0,0
Q01650,31/35/507,S/S/T,2,1,0,0,0,0
Q6W2J9,1410/423/1129/1290/1166/1271/1404,S/S/T/S/S/S/S,6,1,0,0,0,0
Q14980,820/1792/1601/2055/395/1800/963/1836/1262/1804/1225/1774/388/1945/1862/1830/169/1834/172/1837/1838/1840/1969/1847/1721/2106/1724/1853/1728/1733/198/1991/200/1739/1865/1872/211/1876/203/1757/1887/1760/2000/1769/1772/1776/2003/1833/1788/1789,S/S/S/T/S/S/T/Y/S/T/S/Y/S/S/S/S/S/S/S/S/T/S/S/S/S/T/S/S/S/T/S/S/S/S/Y/S/T/Y/S/S/S/S/T/S/S/T/S/S/S/S,37,9,0,0,0,4
Q9UBN7,30/22,T/S,1,1,0,0,0,0
P82970,20/31/76/24,S/T/Y/S,2,1,1,0,0,0
Q9Y4E1,160/539/333/288/331/356/1159/1158/347/498/352/284/287/158,S/S/S/S/T/S/S/S/T/S/S/S/T/S,11,3,0,0,0,0
Q9Y2Z0,317/265/281,Y/T/S,1,1,1,0,0,0
P13688,520/508/493,Y/S/Y,1,0,2,0,0,0
Q8N5Y2,400/407/411/405/367,S/S/S/T/S,4,1,0,0,0,0
Q9NTJ3,1056/39/27/22/44/41/28,S/T/S/S/T/S/S,5,2,0,0,0,0
Q02543,63/123/71,Y/S/S,2,0,0,0,0,1
Q00341,437/1223/944/1236/1237/31,Y/S/S/S/S/S,5,0,1,0,0,0
Q99062,752/787/727/767,Y/Y/Y/Y,0,0,4,0,0,0
Q14669,387/100/997/1577/1322/77/319/1329/310/1592/991/312/1317,T/S/S/S/S/S/S/S/S/T/S/S/S,10,2,0,1,0,0
Q96PK6,225/582/643/161/256/649/571/215/618/562/206/572/220,S/S/S/S/S/S/S/S/S/S/T/T/S,11,2,0,0,0,0
Q9UQ84,422/714/598,S/S/S,3,0,0,0,0,0
Q9GZR1,919/352/350/361/336/335,S/S/S/S/S/S,6,0,0,0,0,0
Q9P2N6,515/523/525/536/539/540,S/S/S/S/S/S,6,0,0,0,0,0
Q93008,2540/1602/2436/1593/2533,S/S/S/S/Y,2,0,0,2,0,1
Q8WUZ0,100/111/114/118/122/156/126,S/T/S/T/S/S/S,5,2,0,0,0,0
P23246,225/293/33/687/273/283,S/Y/S/T/S/S,4,1,1,0,0,0
Q13188,316/384/180,S/T/T,1,2,0,0,0,0
Q9H4I2,680/723/946,S/S/S,3,0,0,0,0,0
P58107,2691/2693/3017/4619/2483/4085/3551,S/S/S/S/S/S/S,6,0,0,1,0,0
Q9Y446,240/238/84/331/195/180/313/308/314,S/S/Y/S/Y/S/S/T/S,6,1,2,0,0,0
Q12834,72/41/70/106,S/S/T/T,2,2,0,0,0,0
P43250,484/485,S/T,1,1,0,0,0,0
P52948,1028/1465/1034/839/1041/1043/916/1174/900/546/932/934/1064/1070/948/966/1099/1060/608/612/1000/618/623/625/888/1018/1023,S/S/S/S/T/S/T/S/S/T/S/S/S/T/S/S/S/S/S/S/T/S/S/S/S/S/S,22,5,0,0,0,0
O75962,1844/1486/2737,T/T/Y,0,2,1,0,0,0
Q9UGU0,1122/1379/480/1370/1669/640/538/1367/582/1671/419/541/544/31/1335/1361/559/430/583/574/966/449/1005/871/1764/505/627/1522,S/T/T/S/S/S/S/S/T/T/S/S/S/S/S/S/S/S/S/S/S/T/S/S/T/S/S/S,21,5,0,1,1,0
P18124,195/139,Y/Y,0,0,2,0,0,0
Q8WXE0,883/842/393/412/384/880/858/878/396/409/403/471/406/253/892,S/S/S/S/Y/S/S/S/S/S/S/S/S/Y/S,13,0,1,0,0,1
Q10571,1080,S,0,0,0,1,0,0
P49792,1412/1731/2518/3207/394/1613/779/1443/781/1672/2807/2128/2447/2520/2450/788/21/2454/1156/795/796/799/1573/1447/1833/1450/2242/2290/2734/1456/1160/948/2613/2743/955/2493/2741/2241/2498/2499/2500/2501/2246/2504/2251/2510/1871/1144/2900/2005/1110/2008/2270/1869/2628/2276/1509/2626/2280/2153/2668/2802/19/1396/2805/1399/1400,T/S/S/S/S/S/T/S/S/S/S/T/S/S/T/S/S/S/T/Y/S/T/S/S/S/S/S/S/T/S/S/S/T/T/S/S/S/S/S/S/T/S/S/T/S/S/S/T/S/T/S/S/S/S/S/S/S/S/S/T/S/S/T/T/S/T/S,44,17,1,5,0,0
Q9GZR7,287/192/302/93/295/82/166/94,S/S/T/S/S/S/S/S,7,1,0,0,0,0
Q9BSJ8,822/959/1034/963/1009,Y/T/S/S/Y,2,1,0,0,0,2
Q86UK7,437/306,S/Y,1,0,0,0,0,1
ENSP00000247066,743/779/717/1038/921/700,Y/Y/Y/Y/Y/Y,0,0,6,0,0,0
Q13428,620/1111/805/83/610/84/870/85/825/1110/582/87/581/88/479/1114/477/1116/765/107/762/138/475/144/823/153/764/1179/611/156/583/1181/617/160/615/1186/614/164/482/1190/890/1191/769/171/478/1227/784/1228/777/1230/771/1234/503/233/484/249/868/310/877/316/875/394/871/1350/801/1358/608/1361/996/1376/1378/1257/381/1407/1410/906/932/934/935/936/939/941/446/1471/967/983/990/992/993/997/998/999/1001,S/S/T/S/S/T/S/S/S/T/S/S/T/S/S/S/S/S/S/S/S/S/S/T/S/S/S/T/S/S/S/T/S/S/S/T/S/S/S/S/S/S/S/S/S/S/S/S/S/S/S/T/S/S/S/T/S/T/S/T/S/T/S/S/S/T/S/S/S/S/S/S/S/S/S/S/S/S/S/S/S/S/S/S/S/T/S/S/T/S/S/S/S,76,14,0,1,2,0
Q13620,128/34/35/175/49/24/28/29/30/31,S/T/S/S/S/T/T/S/T/T,5,5,0,0,0,0
Q9HC35,502/903/499/934/226/899/897/938/144/889/87/942/909/919/981/978/146/921/946/895,S/S/Y/S/Y/T/T/S/S/T/S/S/T/S/S/S/S/T/S/S,11,4,1,2,1,1
Q14527,390/736/398/397/400/394,T/T/S/S/S/Y,3,2,1,0,0,0
Q8TDJ6,944/1857/1984/949/948/945/1400/1404,S/S/S/S/T/S/S/S,6,1,0,1,0,0
O95684,152/254/160/156/202,S/S/S/S/S,5,0,0,0,0,0
Q96BT3,192/385/386/195/397/373/188,T/S/S/T/S/S/S,5,2,0,0,0,0
O15027,1184/417/411/136/1903/1181/1905/1844/1178/1876/1786/2107/1149/414/415,S/S/S/S/S/S/S/S/S/T/S/S/S/S/T,13,1,0,0,1,0
Q9UQE7,85/1074/1083/1065/787/1067,S/S/S/S/S/S,6,0,0,0,0,0
Q08J23,456/593/751/461/743,S/S/S/T/S,4,1,0,0,0,0
Q93052,135/116/297/300/301/333/144/317,S/S/Y/Y/Y/T/S/Y,3,1,3,0,0,1
Q8WYB5,1027/1048/443/445,S/S/T/S,3,1,0,0,0,0
Q92785,94/97/176/200/142/172,S/S/T/S/S/Y,4,1,1,0,0,0
Q13112,433/520/432/419/512/509/458/429/524/409/503/538/410,T/S/T/T/S/T/S/S/T/S/T/S/S,7,6,0,0,0,0
P05388,304/24/307,S/Y/S,2,0,0,0,0,1
Q9UPP1,704/705/706/880/722/854/120/857,Y/T/T/S/S/S/S/S,4,2,1,1,0,0
Q9UJX4,178/202/232/195/221/217/179,T/S/T/S/S/S/S,5,2,0,0,0,0
Q7Z6E9,138/516/770/772/1641/1328/684/1179/1194/1052/245/360/1468/1336/861/1271/730/1622/1644/1269/363/244/1646/1651/1648/1273/873/246/1274/247/1277,S/S/S/S/Y/S/S/S/T/S/S/S/T/T/S/T/S/S/S/T/S/S/S/S/S/S/S/S/T/S/S,23,5,0,1,1,1
P25116,384/418/391/392/425/395/396/397/399/400/406/375/376/410/412/413/383,S/S/S/S/T/S/S/Y/S/S/S/S/S/T/S/S/Y,13,2,2,0,0,0
Q13501,365/148/272/28/361/269/266/276/355/288/275/287/277/282/278/170/343/284/291/207/182/332/328/366,S/Y/S/S/S/T/S/S/S/S/S/S/S/S/T/S/S/S/S/S/S/S/S/S,21,2,1,0,0,0
Q9Y3S2,308/315,Y/Y,0,0,1,0,0,1
P07384,380/446/379/81/78/80/77/362/360,T/Y/S/Y/S/T/S/T/S,4,3,2,0,0,0
Q13442,70/176/19/57/60/63,Y/S/S/S/S/S,5,0,1,0,0,0
Q12929,774/811/525/815/659/662/476,Y/S/Y/S/S/S/S,5,0,2,0,0,0
P48634,114/517/457/1347/1306/1310/808/825/1083/1085/1087/1089/1219/1092/1094/456/204/1106/342/350/609/610/997/764/1004/1014/759/761/1147/380/765/766/383,S/T/S/T/S/S/S/T/T/S/T/S/S/S/Y/S/S/S/S/S/T/T/T/S/S/S/S/S/S/S/S/S/S,22,8,0,2,0,1
Q9UHB7,392/389/180/694/1062/499/674/712/599/210/193/195/549/671/1055/212/1043/388/387/1066/703/679/680/706/1058,S/S/S/S/S/S/T/Y/S/S/S/S/S/S/S/S/S/S/S/S/S/S/S/S/S,23,1,1,0,0,0
P43243,533/644/598/9/397/654/671/673/674/689/696/188/195/206/208/596/597/214/604/606/234/766,S/T/S/S/S/S/S/S/S/S/S/S/S/S/S/S/Y/Y/S/S/S/S,19,0,2,0,1,0
Q9Y2W1,534/211/2/823/134/939/406/685/136/268/139/30/682/408/535/36/672/34/624/46/324/53/941/51/47/264/560/315/323/698/55/833/444/320/575/237/874/928/232/662/243/253/240/622/508/119/379/248,S/S/S/S/S/S/S/T/S/S/S/S/S/S/S/S/S/S/S/S/T/S/T/S/S/S/S/S/S/S/S/T/S/S/S/S/T/S/S/T/S/S/S/S/S/S/S/S,42,6,0,0,0,0
Q16629,221/175/231/171/183/165/192/167/233/225/196/194/227,S/S/S/S/S/S/S/S/S/S/S/S/S,13,0,0,0,0,0
P17010,274/714/268,S/T/T,1,2,0,0,0,0
Q13627,145/321/319,Y/Y/Y,0,0,3,0,0,0
Q9BUR4,103/489/491/112/114/85/54/87/90/26/30,S/T/S/S/S/S/S/S/S/S/S,10,1,0,0,0,0
Q14764,15/13,Y/Y,0,0,2,0,0,0
P78344,514/395/508/397,T/S/T/T,1,3,0,0,0,0
Q7Z3T8,845/939/170/168/167/815/219/942/1210/946/1209/317/446/221,S/S/S/S/S/S/Y/S/S/S/T/S/S/Y,10,1,1,1,0,1
Q9GZP4,189,Y,0,0,1,0,0,0
O43684,211/325,S/S,2,0,0,0,0,0
Q99575,371/367/736/365/584/730/729/726,S/S/S/T/S/S/S/S,7,1,0,0,0,0
Q9ULJ3,759/438/425/435/422/434/1003/431/1005/413/361/343/983/605/345/381/411,S/S/T/S/S/S/S/T/T/S/S/S/S/S/S/S/S,14,3,0,0,0,0
Q9BRD0,494/354/222/214/139/226/325/391/281/271/151/147/172/201/135/163/197/159/407/320/123/248/358,Y/S/S/S/S/S/S/S/S/S/S/T/S/S/T/S/S/T/S/Y/T/S/S,17,4,2,0,0,0
Q92560,384/487/582/583/489/395/592/595/596/597/585,S/T/S/S/S/S/S/S/S/S/S,10,1,0,0,0,0
P22626,176/225/259/212/341/344/347,T/S/S/S/S/S/Y,5,1,0,0,0,1
Q13426,193/320/323/315/304/328/327/260,S/S/T/S/S/S/S/S,7,1,0,0,0,0
P51858,132/133/200/202/107/206/239/165,S/S/T/S/S/S/S/S,7,1,0,0,0,0
Q86T24,442,Y,0,0,1,0,0,0
Q12830,1688/624/77/1694/678,S/S/S/S/S,5,0,0,0,0,0
Q9NYZ3,494/516/513/526/488/173/520/168/152/167/536/575/480/303/174/479/580/477/592/495/501/509/504/349,S/S/T/T/S/S/S/S/S/S/S/S/S/S/S/T/S/S/S/S/S/S/S/S,21,3,0,0,0,0
Q15056,101/12/45/193,Y/Y/Y/S,1,0,2,0,0,1
Q13045,856/409/436/406,S/T/S/S,3,1,0,0,0,0
Q9BWU0,524/709/530/712/466/464/532/470/312,S/S/S/S/S/Y/S/T/S,7,1,1,0,0,0
Q8IWW6,215/213/176/104/243/103/230/592/201/240/231/223,S/S/S/T/Y/S/T/S/S/S/T/S,8,3,0,0,0,1
Q9UJX6,534/218/470/314/732/736,S/S/S/S/S/S,6,0,0,0,0,0
P62917,133,Y,0,0,1,0,0,0
P18615,281/353/265/131/267/113/274/140/272/49/51/115/251,S/S/Y/S/Y/S/T/S/T/S/S/S/S,9,2,2,0,0,0
Q9UBU6,229/233,S/T,1,1,0,0,0,0
Total,,,2557,663,386,70,33,46
